{
    "coda32": {
        "3d": [
            15.3330549135855,
            26.7897984393962,
            24.8368636294177,
            15.5216378814728,
            19.7249369192664,
            16.1319453004723,
            12.9287167918593,
            15.5925078947713,
            15.4613285460838,
            14.1881675853042,
            15.7438764676398,
            16.3547370196863,
            14.1193254277868,
            16.5065377313691,
            14.6902552708142,
            13.8734651433467,
            17.4649091099335,
            17.3324259451333,
            14.9534739104093,
            18.2584179493380,
            14.9306892212561,
            15.7808055045658,
            16.6376448513450,
            15.7588240169899,
            15.7960975574888,
            15.7009929964631,
            14.9462087951113,
            15.7772384167268,
            15.7264424978180,
            15.7567557262155
        ],
        "EPOCH_SIZE": 19511,
        "ANNOS_PER_EPOCH": 18981
    },
    "waymo": {
        "3d": [
            9.95594991660430,
            14.7991787929452,
            18.1366750066035,
            23.4141584366351,
            20.8910982264270,
            19.7647908376840,
            25.5480464098471,
            26.7241998013935,
            20.7997434935657,
            17.8511433170593,
            20.6095105299972,
            20.5391687532037,
            22.3884154860077,
            24.8585015601798,
            20.7479062686142,
            23.9564974229988,
            15.7926270012748,
            23.9804439387082,
            21.5969288687973,
            15.8057145061587,
            17.4110394267510,
            22.4616270817166,
            20.7988474281044,
            19.1363355961466,
            16.6439377791003,
            21.6473598928847,
            19.1441886414531,
            17.4846866295363,
            17.4811827949798,
            18.3096573198849
        ],
        "EPOCH_SIZE": 31617,
        "ANNOS_PER_EPOCH": 134438
    }
}